{
  "config": {
    "siteName": "JACKETS MASTER",
    "whatsappNumber": "88845533",
    "siteDescription": "Equipamiento motociclista premium en Los Yoses, Costa Rica.",
    "mainIcon": "fas fa-motorcycle",
    "buttons": {
      "mainWhatsappText": "CONTACTANOS POR WHATSAPP",
      "productWhatsappText": "CONSULTAR",
      "contactWhatsappText": "WHATSAPP",
      "wazeButtonText": "ABRIR EN WAZE",
      "wazeUrl": "https://waze.com/ul/hd1u0rps2s",
      "promoButtonText": "CANAL PROMOS",
      "promoUrl": "https://whatsapp.com/channel/0029VaAqJvs8feKtE8dJPv1h"
    },
    "colors": {
      "bodyBg": "#000000",
      "titleColor": "#dc2626",
      "textColor": "#ffffff"
    }
  },
  "products": [],
  "categories": [],
  "brands": [],
  "exportedAt": "2025-10-04T19:53:31.900Z"
}